mangapic/1,234895,8fe4e57666b58403ccd3053765b81fe4
mangapic/10,276685,43618ccc83d5dd5509bddac2de843fbe
mangapic/11,244329,595048e3989d22d255ea556d4ad35c8f
mangapic/100,580557,78058c5390f5a81d96a6bb85650e8ea2
mangapic/111,703860,56d133ba7407199bb9f43095a9da197b
mangapic/107,798149,02a57957ee462c500414786870ecfb51
mangapic/108,801388,1785a328205aee2c21e043cd06b97a86
mangapic/112,842795,c8317142607bfe4b8bd49d489822d8d3
mangapic/115,721003,88bbb9a2cfc5a0c5cf20387f6d6eaaab
mangapic/105,762686,b33997b825712b4a32aafbde60239ebc
mangapic/103,731163,3f4681f4cc623a02be0d2c7f055dc746
mangapic/12,273111,fe4f1f78e6d15930fe971e9fba1b89f5
mangapic/13,314518,490fde0fc71df8353c891677c9206386
mangapic/106,674475,44b597ffabae0c4604cc56a861abf2ab
mangapic/102,828685,b63223d6ec13ebcc1b5e2dad929c7039
mangapic/120,692521,14c25e89a89e7474100eccfdd5dc1cee
mangapic/104,868087,eff31d3c0301b154c5c3cc9d6433e2d7
mangapic/117,798215,4a4e6408f46ece1066bdc6292ad63710
mangapic/15,252675,5eefeaf3c9bd74dc70d3b32800f71fc0
mangapic/130,675367,e30d27bb129d00b0d060d6d55d6f1103
mangapic/118,696914,81341d24f58acf9d0d66cc5b6c177d1a
mangapic/110,905727,de782c88ff3a9c344e89d0f77b4e4602
mangapic/116,735431,d59b1e24c53baf673b0be8106301c1f3
mangapic/121,725948,71d821bfc2cff423a92d30d879cad0d0
mangapic/133,668834,0fece93d08c9b0e2adc383d7f47d7112
mangapic/18,242180,5c9d68c30901423ca958dc3118782038
mangapic/113,868146,57d558f1116f1ad173bffe8a11e61fca
mangapic/101,741076,b9b1fc054ce727ed85d151685ce00970
mangapic/127,788447,9fd185a050b3a3f4632b39aa474453cf
mangapic/148,793913,40fd0ada2524720cf7ba14c4f693f1ac
mangapic/145,623074,e213bb33be3252eac024c5c7348e1c7c
mangapic/119,984444,61e638bbdbfa0308b55e9af3076a8001
mangapic/129,730451,60d2ee7d051a3d4e2060283e39998a24
mangapic/158,813684,8d6e379bee3eb5604d2ae0a1abbf53fc
mangapic/14,270798,da3cf5d03595e87e51fed529500e71d9
mangapic/109,938444,1f8dd870203d1dea0bc2fe5c5df24fe9
mangapic/124,699913,49d30477b6f445d96050641b1fe16dbe
mangapic/142,938432,7a97f9796ab419cbf0c72dea24c61d1d
mangapic/147,780228,4bddfd612db9036f1449d9ae33869c63
mangapic/149,797468,f6bbc9ca2a01e7d8c624b31478a79454
mangapic/123,862723,4301908b5dc6e9eb77badda6da42a639
mangapic/19,230480,873952f0651a0294290006e5a54772a6
mangapic/177,969461,d69aca898c38ec872a461770b0a13ed0
mangapic/125,733006,de35dc8ce4716c417c23c8dcac197985
mangapic/114,914226,3834bb71fb04dbcc6857c49e4aa82506
mangapic/152,1001674,1ec87433da56bccf3aa7de9530e37085
mangapic/156,767526,84c5618b80730f8fc28142763767bc63
mangapic/2,247383,d79c663f5940e37ec26c52a25c6f16fe
mangapic/20,250384,fbdf7f38504b266fad530642b400b678
mangapic/180,764669,646718cc2f9717bb6bc0361eb468d38a
mangapic/184,843135,38ffd9b660bc9918934c3799509c7142
mangapic/183,882540,76d6ef5f3ffcfd4a28a61b7939fb7959
mangapic/190,869404,0f10856a04c9379da9052545d6976670
mangapic/189,889722,803ece5a968fe7dbf4ac7bdad6b8fca1
mangapic/167,882638,69aab8bf64f8867ce10ee9f65a489beb
mangapic/194,823529,e6852bb258f4af99e314da1108db7d03
mangapic/192,778912,b0dd2a3da75db825fd2e146aa617adb6
mangapic/128,845222,18f0bbbf62f26d083bd50b89233589e2
mangapic/131,710061,c1fcd209fc126d91391f0a79a28f8546
mangapic/179,893358,72f39ebce6a13e17ff508cce6b9ac4dc
mangapic/171,784265,9700dc45b1f7a456d4d73a1fa4b4f109
mangapic/185,1022759,eb76bf698c4227029492121f2f427122
mangapic/182,847055,002aaa83885afe84bff96ec08656b958
mangapic/187,846602,4d3826858c6f092fe49d8b3b610c9259
mangapic/140,759399,64210346c3d3dd5d12388edc322cdf35
mangapic/21,244540,65ea4fd9563fd2581703bd6864cc2691
mangapic/150,808257,4c5dfd9e195ce09c489aba684ddf3674
mangapic/188,821543,3d72a6b1a5815075d1459b96d9410cc5
mangapic/197,763934,a0c5697c8c32fa74d3f323656ee7c5db
mangapic/200,744744,7115b9e6f70ca7d671957a6df2ac287f
mangapic/137,765368,cbe75850efefd13b32dc395ccd979432
mangapic/205,815164,ae79e716e4146a1bbb596fc342aa150a
mangapic/151,736005,2995babd6b1f31dd8828ee56d8bb44bd
mangapic/157,789070,ffdcf8dbf6cf731547843c62e6710a68
mangapic/132,705830,7451082f56832ca586673a6a5c0bcda6
mangapic/202,809305,edef96eb7ce209c1897200d2b41b8abe
mangapic/143,802121,2e8b240458d44f8112e760eee998140e
mangapic/203,773992,63f5bd3a48767bf7b8da731b42a2a767
mangapic/146,657351,a690e8bcddbed81940bdeace70af4c5b
mangapic/210,701566,b52636c82ad8e18a259db650ad7b10ef
mangapic/22,244678,5ff26ceb35b7c29caebc5154f010ee42
mangapic/208,850902,e73ca01b3f10101bd61d3a01cce18c45
mangapic/136,909432,110295667bc2d8c65afe469152e08119
mangapic/204,927479,ffd6d300f1c7a819a9bfe8199269852a
mangapic/206,927312,101df7eddfa8751da68a9e6dc8e19bb3
mangapic/209,772971,243ad45fd5e48943548372abf15041e9
mangapic/126,746986,456b0fa728964884636b8baa565d17f6
mangapic/211,834384,6cd3556e03134df6cda044b5a1dda053
mangapic/207,832362,1707febb1e2cca63d4d71aa328556a36
mangapic/198,896211,bb43ba831ae79841f884935af11c35c8
mangapic/154,869449,55b4a6db9a695b7df997d0829d0d162b
mangapic/155,614628,a52f7822d1ebb0b6e2a70d231d872db1
mangapic/224,655159,d209f021a50f0b935d08927699f5fd32
mangapic/23,232430,9035b386b063cbf5d5ff12937c471572
mangapic/153,922111,781f5e4c7f7f91eac4b884f15e51cde7
mangapic/220,811488,047e7818f472ebbe6e6770d7b56d7c30
mangapic/215,912327,1711c4218e2f43c60846cba24757aa9f
mangapic/169,596691,0dc22b9df19ba11ba267d6ece682b292
mangapic/217,917003,800e466cf08bd51c47557166e1477a95
mangapic/223,885337,864a380483ce594fe7c534c3a8ec0ada
mangapic/139,952428,2194fe715e3c1092173887ac2e615d76
mangapic/212,863034,9bd3e1816450116f1e8dfa46577de717
mangapic/233,711781,7a138bb9680eef25d5ff753461370b83
mangapic/238,718571,0cf87960d5b783b9c12afbe0c454972a
mangapic/24,245245,8504aba1071f8a2e386bb99d0269b036
mangapic/231,834615,84664bfd1fe14790ef888703102de166
mangapic/222,908032,08787224116afc7340d7d6e5b69be8f8
mangapic/245,696494,c3a507318386d0e1832540e39dc9d2af
mangapic/141,779411,1c07acd9f91c8e3102c64455de10179c
mangapic/219,990828,1db8ed36076417a30425de0c49b893bb
mangapic/195,818288,a980e5bbd101606b84a8f2297b40f7a4
mangapic/160,766217,216808c19868fc13d927c5c050f5d6c4
mangapic/122,893343,fe4e87ac10078418af21dd3f60eab598
mangapic/242,915904,8039cf93b4e077e1c37a1bf48678f8f2
mangapic/229,756801,363e388883596f16260fda99ab6d4460
mangapic/240,758054,8c5a15b80e0b40b88c9647aecaaf2705
mangapic/249,705490,55a9bfe229fec951fc1677e04e410d1f
mangapic/246,753562,e401a2fb6fbee2504c9acbabeae6c6f5
mangapic/135,810422,f6c08b822787a2dd399cfbca3bb08038
mangapic/237,854523,bd39de9ba493a5971617c9b7d4fc03c2
mangapic/134,901467,42dd8564a546177301c6fb970f21d79d
mangapic/241,838434,d40dab5364ad9187bf26d9a43cff1344
mangapic/181,751191,ddbd3b87d4d81dacf88add714602a496
mangapic/213,747471,d3098cf20cda1fe74ef52c85d0a843a7
mangapic/235,877433,df93edc9006f218983b16525edd9d386
mangapic/191,746326,cc0d0b6dc2772fdc85f1fc83d64240a5
mangapic/226,720281,5790d0ecde5c7024b562797ab531a349
mangapic/239,953997,15e0995a8129c31f9c01930e37b70178
mangapic/254,745896,341665496e4936b69fab118c35919f5a
mangapic/214,808573,b08b89febcd6533b34b16f8bbaef5cee
mangapic/260,760209,5510a639fad2242540cd80d133774c69
mangapic/255,788199,9d0ce8dc8793aafa1744e7c01596a7e8
mangapic/196,742797,d4e3ebd631d0d1d114b18e9d38117fc7
mangapic/258,756186,d0765afe3af6038f191a96ddad598250
mangapic/221,726624,7377311c9af99822c5019cef9e974220
mangapic/253,873163,384150dd64de458b57fbd1e84b3f4fd0
mangapic/248,869073,7ccd6ede329302ed75603ef10bb77106
mangapic/228,825174,f8a2f58e02621df03f67dddab24fe0c0
mangapic/251,924774,c063630b5c3086ea0ebb17f1c90fbabb
mangapic/259,649680,2dcc402d09b29de54a5852fc9575989e
mangapic/176,777094,a972497b02d28f1ab98bebf1f04eb6c7
mangapic/271,929863,381df2f91a8fbf999eae8cc540790e99
mangapic/257,986136,7cebf25ab58ef1a1205067fc4de4404a
mangapic/230,726564,4bfd82f1ccc9c335de736b1a7fc57406
mangapic/270,746973,be99a21a91e58e48335f37bc27465dfa
mangapic/199,927667,7be18c35456b1f917951c6c51b8aa53b
mangapic/159,678445,297eff763350f6b93e916d8673d16226
mangapic/225,845521,74464225d4497b3f6919675e0675796a
mangapic/234,922721,5cd8cfc4dba9601c5485e496d34a7ce4
mangapic/277,792521,94521333924da89f9761900876929aa6
mangapic/280,628081,764b9b8af36e62fd10a6c1eb9ee774ae
mangapic/227,932886,52d10e0a050dfba058a7df3cd669ce47
mangapic/279,827932,b3e9c3fb92120a92ab3b836f2d57bd21
mangapic/266,759338,9c59b004446a12f274bb20f5213147ad
mangapic/244,791470,b7f57ad7551b092c3384d9fdd0dcc590
mangapic/281,790602,774145d2e6a6ca46ead6fc577f16eb0d
mangapic/193,811282,a2236881bdfb01188d73bd457440d58a
mangapic/287,749436,57fd059a83503b13e5c3ad0b6573fc45
mangapic/236,988586,83f43e70afa56c01c87c1ac74217ba1d
mangapic/3,250184,8cfbaad15f367ee96d761d1228d0111d
mangapic/27,685400,3d428a53f6e3d623816121475ade6708
mangapic/264,977243,22a13c6b4fea9b56b8fc31ffd3696672
mangapic/285,697819,59db816c5dc46937517979d126e68924
mangapic/29,821494,ed0b614b1dd92f76c2e087b921e72a02
mangapic/299,416136,29e43cccef5e763f7c9ee082110996fa
mangapic/267,840388,76a04ed6b3bf52259d73733bdfc5ca87
mangapic/186,835331,962f2b0a8c1d25c712956ead3d29ecba
mangapic/283,840521,c9d5118ccc0bb38909969078c79bf696
mangapic/300,426669,75f5626c786131131e71e384f71bed76
mangapic/272,884776,e212c47d7a5218dbb58b9e8e2d2977f3
mangapic/301,453350,156fca507057b23a331b4cbc7988a889
mangapic/261,714378,c33357bf153c42232a79ecb61448bdcb
mangapic/303,487697,79e85accf971d1263eddaad6bbc47492
mangapic/144,892957,7895385ab1eece0e04b3abcf60340afb
mangapic/305,449781,5358edfb00fbf20c69ab2c0c6bcecbda
mangapic/250,790369,f009b403a2c8f58101d217c688b2327d
mangapic/290,748461,bd0d10b46347dab2663ea5067d3caf1e
mangapic/268,774461,f1ced66790994a020deefeb7812be6b3
mangapic/289,837144,1746189a37400922717ff805a03b80e5
mangapic/275,768712,b55285e5ea63d5cc8f3ee567b04f07e2
mangapic/307,438348,aa94c2dee709ad5bbb8c74b5f85f27af
mangapic/292,759670,ac213b3e975cdd5890b38155a1b06546
mangapic/25,745336,c1ce64d6f0cff4838f9603ca2d72db9a
mangapic/310,483392,bdf492efc6db5e116fe2169bc06d8720
mangapic/315,393613,7e9f29725b0ed97bf2219a0ff7c7d6ae
mangapic/317,416078,331b1ad12567fd5a0573b494d764b367
mangapic/311,508420,df381932f71d3b4e35cb79c838e085ac
mangapic/252,675998,dfa73f3a1cfbfe37f66051904c0ba34f
mangapic/319,425026,42c0e00ec0567ca90cca2953e90ca316
mangapic/308,459448,86f9a452c1e867a2d59ecedb281ad350
mangapic/320,398419,6062d22a934ad75e5364e0fe4d7bd56a
mangapic/263,826338,af2cb0048cc0ceec0e80fc6649093b24
mangapic/312,482181,658f778fde28d41c36f17f6aaceec87e
mangapic/325,484752,094348e21736ef74450f4d3a99d3a512
mangapic/329,481364,02aca9a8a8e076da07675a19ff942448
mangapic/324,492581,f26be2cc67c291d142450612b145eea2
mangapic/278,945953,f1e252cea54e2aea544398ecc0cf0f70
mangapic/294,718685,26f5691632fd1d2d3706591c75612689
mangapic/326,494370,a2c56dbe577142e361352643984efa23
mangapic/322,425921,29d3cce02c312a598ed00cb633a4a797
mangapic/316,465147,7d57a968b15102348c54bf051b7e0263
mangapic/330,451181,925d57923b65e7eea02923d1a0da7782
mangapic/201,798581,08299456861e0b6d48f0a1a54c5f9341
mangapic/314,453892,41f0f885d30e556f72fbef09ea2e0750
mangapic/333,460893,66c51ebbacd703443bcc23e4957c1107
mangapic/309,592060,cafeff45e573d18805d39e5cefdbcbd2
mangapic/306,460091,8a439ed0ec56befa3ff4807f71b42ded
mangapic/28,780752,ecd8d1f0fce0654e1043195129e7f0e2
mangapic/334,531189,1fbc30f05f19c90ad1795b32c0dec6ce
mangapic/323,446235,285995f68d7ac0d96244034a0dca2525
mangapic/335,513613,5d639104aa44b39e88b6beb13c937fd1
mangapic/331,489781,80d36e8f09565ab68613ce0e008bee67
mangapic/337,435784,26dfd964533a7109dbf1e9d25d4f5afe
mangapic/345,380756,ff4fdc8fdda2558808305e89c567ac35
mangapic/291,815119,61387a8d4fd16af114ec4ae6085365a1
mangapic/304,396519,dcda498ff84354ffdd8bfde14f40fe5f
mangapic/327,473943,175438a3b6e3379152c14dc5ea7012b4
mangapic/344,438052,7a0ff072acb4ee33e429ea0d27491daf
mangapic/31,867556,64151c4ae1726dd1b493e16d2734ddad
mangapic/318,449164,f7d80ad4b4a6ba7b9471518d64b58c6f
mangapic/302,474172,f61691b35a92f246187e645455aa8489
mangapic/347,459961,392c03b218b3f882f255439dd68675c5
mangapic/338,493180,abad04aa351340101e5be358b3097044
mangapic/348,471891,5012111b3828f0dbfba0d8e0d6698000
mangapic/321,474410,e8a36c6b950b0733f4342c9304267bd8
mangapic/349,480722,c36b5c839d0aa6f04385e6f69a87aa1f
mangapic/274,800443,68eddc1ab0e0a16be50bb7b07350e2ff
mangapic/357,291175,cc7b0da95ab9df933d7eef73b38de41d
mangapic/265,670621,8f91fb2958a84d8537d3de084b229d3c
mangapic/288,893903,4c9061e5a0e8f516566261f5d06709e1
mangapic/359,274938,f29696e96947a2d3485f9b18472fcb19
mangapic/356,423410,7648ffa30a47626a01e024144d3c3e81
mangapic/33,866157,a71fcf116db931f9db76ab0ed9a503ba
mangapic/34,789735,c9fccc8a9ebeb4c523a278b87dc1a524
mangapic/360,278448,6cbba1f165e4e7c92f90e1a759bc1de2
mangapic/354,414077,6a33a3f34bdbc5fbb95aab49ca397291
mangapic/351,505041,7deab1dd018e214cf2abca9d8160d428
mangapic/353,470738,b7c53d1a3975fa6bf30e892e66f1a072
mangapic/363,280108,8d60493554e9e787ec6c3742688cbdd2
mangapic/355,464159,ad38c1fe0471770bbe6b417a602aecff
mangapic/364,394001,5db08aa6da45d6e433d8604c35ba9f35
mangapic/282,817436,8526fc548786a0c1a85c79ba40becdf3
mangapic/284,914547,462461c5c98d6bb5d68c961091346c88
mangapic/367,448932,22876827db2da2d522a56540f2390243
mangapic/366,501330,cdaafed4ac224a18098437d05f970cfa
mangapic/262,895683,bef1b3bdbeabd95d15d47c225cf3bd31
mangapic/361,237380,bae7170fc67da0735e379797c773195d
mangapic/332,485598,1db6b5f9ea1ab775b2a2242bef2412b8
mangapic/365,489005,ae7a0c1b0e540b0f8a83129224482678
mangapic/30,832324,dc2f1c3d3c3133b8000d5b5d6b8d33c0
mangapic/352,514277,6ec8ab7ca3608f44912eb74b9e543390
mangapic/328,376046,9148a137c68e93f9cc34920b32eb1f78
mangapic/276,932372,88e3848838fa9c69e0a1d35b744d55f5
mangapic/295,946263,7a4422f0b92c8289caa3e56de2c7e08e
mangapic/362,254151,20330be37e9f7345e5aa5a0d1858116e
mangapic/269,763290,22f2c8978db6379036497d3afcef4709
mangapic/293,818174,012b9d3705065123873130d6df43e49d
mangapic/298,848598,18cee883650627f7b601e2867e7ba00f
mangapic/256,925562,007f4bdb6267d257a5a867bd7b9afab2
mangapic/297,913897,c3f41a8894a3ac1170aa24551762f942
mangapic/36,767610,4ac3f432a99eba56a48bd553b2486a8d
mangapic/38,827348,875e632ea93ba636270357d6dcf4726a
mangapic/41,795678,4a0b2e4c8c90dd09d704d4d863c177c6
mangapic/44,777557,f5f0d69bd49c584e6d0345be0b61cb5e
mangapic/313,489610,a625efb1333349a7ca70fc8d9cfdf980
mangapic/296,962486,a58f7c267689c37d0b27bd586436cbe7
mangapic/368,505422,ca579e06864a7d665192bf5c87520aba
mangapic/39,816963,c81f5b0d5390b91d7193eefb232718ca
mangapic/43,786385,622f3dbd8744742acaaa99ce8857dc55
mangapic/336,503003,7a552d4259227fce9daee03db9eb8c88
mangapic/5,239526,0dc6b765781a1d497365d4efb3a02297
mangapic/32,791934,b479c9298c37bf2f67fbb9e24c6c7436
mangapic/48,884447,1165d76dcb0b33dfcf1910a5d67dee2e
mangapic/243,941970,1b5ca3a71eb9d859e334b12a834b8fd2
mangapic/47,925295,e55af0f8cf6a66078f17ab768af46b09
mangapic/358,468989,cc27a7b2cd0648054f2fa98b0cde755f
mangapic/350,557955,ff63bc087b0c64337e56be728a857832
mangapic/26,792253,01da3d3f35f3b0ad6f257593d8fe2228
mangapic/7,218267,33ffc731adb5fee9191df399a4148f50
mangapic/4,244413,7cf1130bfb0aab95913549643e09b028
mangapic/42,873809,a2bbee5ba291c8c81a9ff031b78514e7
mangapic/40,719179,29e9e45159ddad2d9c1f8b1cb01f050b
mangapic/346,464208,f6538322b66b877b6c88d952277feed6
mangapic/65,883866,dcc8fa06cb64c1d47533551d8f36f473
mangapic/63,993294,807c144e98d69c7d396b271684976aaf
mangapic/53,834417,371a3e4c09eb9a66c23378e6c58296cf
mangapic/6,256586,789a48f192cf836bb2661d150b35cada
mangapic/218,695513,d8a0793da3d7dec207f1d8f9e994b476
mangapic/70,792738,72829238d2df43879baea6a87ad7c584
mangapic/8,261728,d368ef37ea4fd0ca1588289c99db4fbc
mangapic/82,767219,198b1a7b67a71602ba254cfcb4ea29be
mangapic/216,1052171,3051ffafbfddb40c23735f8303e8b47e
mangapic/35,789586,f3c7efacf3d2fee7309aed5162c99c30
mangapic/71,715086,1a1b17fb8fa0471de810301b220fcfc3
mangapic/50,712662,727e4d1b74c133e424bd32fbac67423f
mangapic/59,836394,1ed020c328c8223e9814dcc586b18e0b
mangapic/51,722127,e046fecf552ad962a7bcda2e1af08462
mangapic/57,729309,14000907838ab7906829396790ff6a73
mangapic/64,852389,01ecf30322bb7babb365300ee1f00cd9
mangapic/90,677557,b70a6e3be4f4fe34aa42b04c9ff8747a
mangapic/81,1033321,249d16a461398b9f632502ab553ba6bd
mangapic/66,993536,4927828bca19aa34b73548e005884ccb
mangapic/88,698078,85a7a15b7f5e1fa9f79a3df951a2a68c
mangapic/273,989916,bbddae8c81f4b2d8edc4ce81e58addef
mangapic/60,766928,516aabab0e4776b5703536cb8736171f
mangapic/58,896157,4cb9b7fe94afba896a6dd216187ca75b
mangapic/89,722158,a454209bbdcdd2452c56a56eec381452
mangapic/87,738812,a45478492be0181bb6a6cd63fc647381
mangapic/85,876022,8f8101e3a55950d91ebe0a4a09af5e3a
mangapic/9,255285,e78b2ada95e1af64e431e4b1f47d48ac
mangapic/54,842392,d97e4bc1a0266f9301f464d2599795c5
mangapic/80,755031,c0c3f0dd6818fb9589e7054a3e97e1c4
mangapic/69,817608,df7b2cd2ac9d3973b0b6242fc16931e7
mangapic/92,778448,573237d033332555b1e5e05ef12ae03c
mangapic/75,981807,bb7155855eefe33df9342e40c184b462
mangapic/78,790598,ed994d26ffdcf519ccef139cd0a09680
mangapic/161,820807,6b18f80113155ba728e7fe484fac9b76
mangapic/49,834139,f3d1156a0d25912211cad177b6354260
mangapic/99,696773,82a13d7365f359f29fafb0097a1a7ee4
mangapic/84,847726,33562c85bbd1ac66c656ab279fbe97cf
mangapic/93,833507,11aab3ac08cc54d6a28e846a477027a7
mangapic/73,771958,ba71c9b14ea28252f5d48ff2ea55017c
mangapic/98,702663,aee33bdee7a85f1aa4ad713d7da8a071
mangapic/163,894523,a4e20881dc4011b377f288faec071429
mangapic/94,869744,0e2bdf246edd60d1b339efa0193de519
mangapic/46,901987,874fde658890bcbed5ee52a4e088b76d
mangapic/95,913084,e0f0c52ccbe06e909365a1cc16cf30b1
mangapic/97,853016,1e4accf1e509555e1404505d8dd02035
mangapic/74,1025145,153521dfea24246a65ac6addfb4cb35e
mangapic/79,769369,37a44b8477e71c562e68cbec565df869
mangapic/52,931380,f1a74586ac696b58e1314fc5c24c3c69
mangapic/62,901034,d88d9eab13b4bac3974523cae2cf3e0b
mangapic/61,702289,717475435a8e5ddc570cdab7f155b200
mangapic/37,952064,4dd064ec8fb9f6db7337dcb779b2b80a
mangapic/165,807012,8fabba0a30fae9d662c6f4a0d75f9676
mangapic/68,847296,8ad573155308bb37a3df3652da7fd35c
mangapic/178,1074265,7f5063c2de64f1c3e3d4f673efdbdff4
mangapic/55,922467,1275d65bf31b8c7cc820c758c866d4e9
mangapic/45,846050,c108257e626afab9fd3770fe68017532
mangapic/67,908134,1c9f049424caa98f8c148715165924c8
mangapic/77,898497,2ed6558c69f6878dfce2c1760d3c5a0a
mangapic/56,912930,1ae528365ec2984553d73e5fc9b4a535
mangapic/72,763282,0e897a448b9a5e81f4e40ad5bbb04baf
mangapic/247,1078527,3cebe7ae00141a276871d9dc1f30fef6
mangapic/166,743665,14463f31e65d84d69abeed2d16bf9b92
mangapic/138,1090776,b36358b67738a1cc382eb8465344783b
mangapic/17,234704,3ee23cd3a86eb7b798fa2751aa717ae6
mangapic/83,824781,177bb00342a80d0095436676893b5150
mangapic/76,805357,fa60f0799f70b227cf74ad5b2d765268
mangapic/16,244139,f46408086c69a201790323591e6353f1
mangapic/170,808236,35d6ffc3db23bce1d4665673ce2f7152
mangapic/175,822015,b59cb652ccbb4cfa6f0fc0a53ac7c008
mangapic/286,674104,849ba0b309a93a850648c3ebcfb6af5b
mangapic/86,1033685,17a0f5d8d08a3a0e0dc16fc655fa5ace
mangapic/91,638352,5eed4f2b63ddfbf9128c54a8454acaec
mangapic/173,846847,af9bb24e7f1cfa9ab7a61f324907447a
mangapic/162,939352,a7a74c899fe68369e178d52e002e41d8
mangapic/172,831018,7e0606fd46d1ac122edd746085e358a3
mangapic/174,819514,77ec0679cf8a5768d2ddb0b0a056d281
mangapic/96,1068482,2bcb0142a3ca46a81fe6769141f45728
mangapic/168,1103379,ed34565cafe7e8709ac1e14a2367e6ea
mangapic/164,1123101,e183ccfe7cfeb590dd38f7cf0b519625
mangapic/232,1167559,a0b3cc3efdf09873474332f2859c23cf
mangapic/342,1953498,a1f77c4b3f8d5ff13ec48fe56620d80d
mangapic/339,1752891,58c0b09d119301297a0023ed18230564
mangapic/341,1637994,73c8cf106bd3d7b49f1841cf8c1ad9aa
mangapic/343,1898830,24d493df41e8bd0697e3a43733c1261f
mangapic/340,2432222,c56bd296ff7808cec69bd7b62ebaf2d9
mangapic/369,1624408,155389c7a06ed6f14784c3a572731abe
mangapic/371,1346470,2daf95baf4b55b212751a9e53a44a417
mangapic/373,1818676,501e8cef477851318f546523cba80560
mangapic/370,1923983,9bf7239423e1133d59b019f6d2b2e53e
mangapic/372,1841643,45756179d671d8b298208377d2c63aa8